"first_name","last_name","email","phone"
"John","Doe","john.doe@example.com","555-1234"
"Jane","Smith","jane.smith@example.com","555-5678"
"Alice","Johnson","alice.johnson@example.com","555-8765"
"Bob","Brown","bob.brown@example.com","555-4321"
"Charlie","Davis","charlie.davis@example.com","555-0000"
"Eve","White","eve.white@example.com","555-1111"
"Frank","Green","frank.green@example.com","555-2222"
"Grace","Miller","grace.miller@example.com","555-3333"
"Henry","Wilson","henry.wilson@example.com","555-4444"
"Ivy","Moore","ivy.moore@example.com","555-5555"
"Jack","Taylor","jack.taylor@example.com","555-6666"
"Kate","Anderson","kate.anderson@example.com","555-7777"
"Liam","Thomas","liam.thomas@example.com","555-8888"
"Mia","Jackson","mia.jackson@example.com","555-9999"
"Noah","Martin","noah.martin@example.com","555-0001"
"Olivia","Lee","olivia.lee@example.com","555-0002"
"Paul","Perez","paul.perez@example.com","555-0003"
"Quinn","Roberts","quinn.roberts@example.com","555-0004"
"Ruby","Clark","ruby.clark@example.com","555-0005"
"Sam","Rodriguez","sam.rodriguez@example.com","555-0006"
"Tina","Lewis","tina.lewis@example.com","555-0007"
"Uma","Walker","uma.walker@example.com","555-0008"
"Victor","Hall","victor.hall@example.com","555-0009"
"Wendy","Allen","wendy.allen@example.com","555-0010"
"Xavier","Young","xavier.young@example.com","555-0011"
"Yara","Hernandez","yara.hernandez@example.com","555-0012"
"Zoe","King","zoe.king@example.com","555-0013"
"Aaron","Wright","aaron.wright@example.com","555-0014"
"Bella","Lopez","bella.lopez@example.com","555-0015"
"Carlos","Hill","carlos.hill@example.com","555-0016"
"Diana","Scott","diana.scott@example.com","555-0017"
"Ethan","Green","ethan.green@example.com","555-0018"
"Fiona","Adams","fiona.adams@example.com","555-0019"
"George","Baker","george.baker@example.com","555-0020"
"Hannah","Gonzalez","hannah.gonzalez@example.com","555-0021"
"Ian","Nelson","ian.nelson@example.com","555-0022"
"Julia","Carter","julia.carter@example.com","555-0023"
"Kevin","Mitchell","kevin.mitchell@example.com","555-0024"
"Luna","Perez","luna.perez@example.com","555-0025"
"Mason","Roberts","mason.roberts@example.com","555-0026"
"Nina","Turner","nina.turner@example.com","555-0027"
"Oscar","Phillips","oscar.phillips@example.com","555-0028"
"Penny","Campbell","penny.campbell@example.com","555-0029"
"Quincy","Parker","quincy.parker@example.com","555-0030"
"Rosa","Evans","rosa.evans@example.com","555-0031"
"Steve","Edwards","steve.edwards@example.com","555-0032"
"Tara","Collins","tara.collins@example.com","555-0033"
"Ulysses","Stewart","ulysses.stewart@example.com","555-0034"
"Vera","Sanchez","vera.sanchez@example.com","555-0035"
"Will","Morris","will.morris@example.com","555-0036"
"Xara","Rogers","xara.rogers@example.com","555-0037"
"Yale","Reed","yale.reed@example.com","555-0038"
"Zara","Cook","zara.cook@example.com","555-0039"
"Adam","Bailey","adam.bailey@example.com","555-0040"
"Beth","Rivera","beth.rivera@example.com","555-0041"
"Carl","Cooper","carl.cooper@example.com","555-0042"
"Dora","Richardson","dora.richardson@example.com","555-0043"
"Eric","Cox","eric.cox@example.com","555-0044"
"Faith","Ward","faith.ward@example.com","555-0045"
"Gary","Torres","gary.torres@example.com","555-0046"
"Hope","Peterson","hope.peterson@example.com","555-0047"
"Ivan","Gray","ivan.gray@example.com","555-0048"
"Joy","Ramirez","joy.ramirez@example.com","555-0049"
"Kyle","James","kyle.james@example.com","555-0050"
"Lily","Watson","lily.watson@example.com","555-0051"
"Mark","Brooks","mark.brooks@example.com","555-0052"
"Nora","Kelly","nora.kelly@example.com","555-0053"
"Owen","Sanders","owen.sanders@example.com","555-0054"
"Piper","Price","piper.price@example.com","555-0055"
"Quest","Bennett","quest.bennett@example.com","555-0056"
"Rita","Wood","rita.wood@example.com","555-0057"
"Sean","Barnes","sean.barnes@example.com","555-0058"
"Tess","Ross","tess.ross@example.com","555-0059"
"Uri","Henderson","uri.henderson@example.com","555-0060"
"Vicky","Coleman","vicky.coleman@example.com","555-0061"
"Wade","Jenkins","wade.jenkins@example.com","555-0062"
"Xena","Perry","xena.perry@example.com","555-0063"
"York","Powell","york.powell@example.com","555-0064"
"Zina","Long","zina.long@example.com","555-0065"
"Alex","Hughes","alex.hughes@example.com","555-0066"
"Bree","Flores","bree.flores@example.com","555-0067"
"Cole","Washington","cole.washington@example.com","555-0068"
"Dana","Butler","dana.butler@example.com","555-0069"
"Eli","Simmons","eli.simmons@example.com","555-0070"
"Faye","Foster","faye.foster@example.com","555-0071"
"Glen","Gonzales","glen.gonzales@example.com","555-0072"
"Hana","Bryant","hana.bryant@example.com","555-0073"
"Iris","Alexander","iris.alexander@example.com","555-0074"
"Jake","Russell","jake.russell@example.com","555-0075"
"Kira","Griffin","kira.griffin@example.com","555-0076"
"Leo","Diaz","leo.diaz@example.com","555-0077"
"Maya","Hayes","maya.hayes@example.com","555-0078"
"Nick","Myers","nick.myers@example.com","555-0079"
"Opal","Ford","opal.ford@example.com","555-0080"
"Pete","Hamilton","pete.hamilton@example.com","555-0081"
"Quin","Graham","quin.graham@example.com","555-0082"
"Rae","Sullivan","rae.sullivan@example.com","555-0083"
"Sid","Wallace","sid.wallace@example.com","555-0084"
"Tia","Woods","tia.woods@example.com","555-0085"
"Ulf","Cole","ulf.cole@example.com","555-0086"
"Val","West","val.west@example.com","555-0087"
"Wes","Jordan","wes.jordan@example.com","555-0088"
"Xia","Owens","xia.owens@example.com","555-0089"
"Yul","Reynolds","yul.reynolds@example.com","555-0090"
"Zed","Fisher","zed.fisher@example.com","555-0091"
"Amy","Ellis","amy.ellis@example.com","555-0092"
"Ben","Harrison","ben.harrison@example.com","555-0093"
"Cam","Gibson","cam.gibson@example.com","555-0094"
"Dee","McDonald","dee.mcdonald@example.com","555-0095"
"Eli","Cruz","eli.cruz@example.com","555-0096"
"Fay","Marshall","fay.marshall@example.com","555-0097"
"Guy","Ortiz","guy.ortiz@example.com","555-0098"
"Hal","Gomez","hal.gomez@example.com","555-0099"
"Ida","Murray","ida.murray@example.com","555-0100"
